<keymap version="1" name="Mac OS X 10.5+ copy" parent="Mac OS X 10.5+">
  <action id="ActivateCommitToolWindow" />
  <action id="ActivateVersionControlToolWindow" />
  <action id="Arrangement.Alias.Rule.Edit" />
  <action id="Arrangement.Rule.Edit" />
  <action id="AutoIndentLines">
    <keyboard-shortcut first-keystroke="ctrl alt back_slash" />
  </action>
  <action id="ChangesView.Diff" />
  <action id="ChangesView.GroupBy.Directory" />
  <action id="ChangesView.Rename">
    <keyboard-shortcut first-keystroke="shift f6" />
  </action>
  <action id="CollapseSelection" />
  <action id="CompareTwoFiles" />
  <action id="Console.Execute.Multiline" />
  <action id="Diff.ShowDiff" />
  <action id="DirDiffMenu.SynchronizeDiff.All" />
  <action id="EditSource">
    <keyboard-shortcut first-keystroke="meta down" />
  </action>
  <action id="Editor SelectAll">
    <keyboard-shortcut first-keystroke="meta a" />
  </action>
  <action id="EditorDeleteLine">
    <keyboard-shortcut first-keystroke="meta d" />
  </action>
  <action id="EditorDuplicate" />
  <action id="EditorLineEnd">
    <keyboard-shortcut first-keystroke="meta right" />
    <keyboard-shortcut first-keystroke="ctrl e" />
  </action>
  <action id="EditorLineStart">
    <keyboard-shortcut first-keystroke="meta left" />
    <keyboard-shortcut first-keystroke="ctrl a" />
  </action>
  <action id="EditorSplitLine" />
  <action id="EditorTextEnd">
    <keyboard-shortcut first-keystroke="end" />
  </action>
  <action id="EditorTextStart">
    <keyboard-shortcut first-keystroke="home" />
  </action>
  <action id="FileChooser.GotoDesktop" />
  <action id="FileChooser.TogglePathShowing" />
  <action id="FindInPath">
    <keyboard-shortcut first-keystroke="meta p" />
  </action>
  <action id="FindNext">
    <keyboard-shortcut first-keystroke="f3" />
  </action>
  <action id="FindWordAtCaret">
    <keyboard-shortcut first-keystroke="f4" />
  </action>
  <action id="Git.Reword.Commit">
    <keyboard-shortcut first-keystroke="shift f6" />
  </action>
  <action id="GotoDeclaration">
    <mouse-shortcut keystroke="meta button1" />
    <mouse-shortcut keystroke="button2" />
    <keyboard-shortcut first-keystroke="meta enter" />
  </action>
  <action id="GotoLine">
    <keyboard-shortcut first-keystroke="meta g" />
  </action>
  <action id="GotoNextBookmark">
    <keyboard-shortcut first-keystroke="f2" />
  </action>
  <action id="GotoNextError">
    <keyboard-shortcut first-keystroke="meta period" />
  </action>
  <action id="HideActiveWindow">
    <keyboard-shortcut first-keystroke="shift escape" />
    <keyboard-shortcut first-keystroke="ctrl z" />
  </action>
  <action id="HideAllWindows">
    <keyboard-shortcut first-keystroke="meta 0" />
  </action>
  <action id="MaximizeEditorInSplit">
    <keyboard-shortcut first-keystroke="meta 9" />
  </action>
  <action id="NavBar-selectEnd">
    <keyboard-shortcut first-keystroke="meta right" />
    <keyboard-shortcut first-keystroke="ctrl e" />
  </action>
  <action id="ParameterInfo" />
  <action id="ReformatCode">
    <keyboard-shortcut first-keystroke="shift meta f" />
  </action>
  <action id="RenameElement">
    <keyboard-shortcut first-keystroke="shift meta r" />
  </action>
  <action id="ReplaceInPath">
    <keyboard-shortcut first-keystroke="shift meta p" />
  </action>
  <action id="Resume">
    <keyboard-shortcut first-keystroke="meta alt r" />
  </action>
  <action id="Run">
    <keyboard-shortcut first-keystroke="f9" />
  </action>
  <action id="RunDashboard.CopyConfiguration" />
  <action id="SendEOF" />
  <action id="ShelvedChanges.Rename">
    <keyboard-shortcut first-keystroke="shift f6" />
  </action>
  <action id="Stop" />
  <action id="TodoViewGroupByShowPackages" />
  <action id="ToggleBookmark">
    <keyboard-shortcut first-keystroke="meta f2" />
  </action>
  <action id="Vcs.EditSource">
    <keyboard-shortcut first-keystroke="meta down" />
  </action>
  <action id="ViewSource" />
  <action id="XDebugger.CopyWatch" />
  <action id="XDebugger.EditWatch" />
  <action id="XDebugger.JumpToSource">
    <keyboard-shortcut first-keystroke="meta down" />
  </action>
  <action id="XDebugger.SetValue" />
  <action id="openAssertEqualsDiff" />
</keymap>